Order_ID,Date,Product,Region,Salesperson,Channel,Quantity,Price,Amount
ORD1000,01-01-2024,Mouse,East,Frank,Distributor,4,1674,6696
ORD1001,02-01-2024,Headphones,North,Grace,Retail,18,774,13932
ORD1002,03-01-2024,Monitor,North,Alice,Retail,5,1728,8640
ORD1003,04-01-2024,Mouse,West,Alice,Distributor,16,1138,18208
ORD1004,05-01-2024,Tablet,East,Alice,Distributor,1,1149,1149
ORD1005,06-01-2024,Printer,North,Eva,Distributor,14,760,10640
ORD1006,07-01-2024,Monitor,West,David,Retail,15,192,2880
ORD1007,08-01-2024,Monitor,East,Eva,Distributor,9,966,8694
ORD1008,09-01-2024,Mouse,West,David,Distributor,15,1988,29820
ORD1009,10-01-2024,Smartphone,South,Hannah,Online,17,877,14909
ORD1010,11-01-2024,Tablet,North,Eva,Online,4,654,2616
ORD1011,12-01-2024,Mouse,South,Eva,Retail,12,1546,18552
ORD1012,13-01-2024,Tablet,East,Frank,Distributor,5,1490,7450
ORD1013,14-01-2024,Tablet,South,Charlie,Distributor,5,354,1770
ORD1014,15-01-2024,Printer,South,Eva,Online,11,785,8635
ORD1015,16-01-2024,Monitor,East,Frank,Retail,6,1570,9420
ORD1016,17-01-2024,Headphones,West,Bob,Online,7,340,2380
ORD1017,18-01-2024,Printer,South,Charlie,Online,14,151,2114
ORD1018,19-01-2024,Printer,West,Hannah,Online,11,1340,14740
ORD1019,20-01-2024,Tablet,South,Eva,Online,13,916,11908
ORD1020,21-01-2024,Keyboard,West,Grace,Distributor,2,1017,2034
ORD1021,22-01-2024,Monitor,East,Alice,Distributor,7,1695,11865
ORD1022,23-01-2024,Smartphone,South,Bob,Online,4,1023,4092
ORD1023,24-01-2024,Printer,East,Bob,Retail,8,891,7128
ORD1024,25-01-2024,Headphones,South,Hannah,Retail,19,1011,19209
ORD1025,26-01-2024,Keyboard,East,Frank,Retail,13,991,12883
ORD1026,27-01-2024,Keyboard,East,Bob,Retail,14,1850,25900
ORD1027,28-01-2024,Smartphone,South,Charlie,Online,10,1076,10760
ORD1028,29-01-2024,Printer,South,Eva,Distributor,11,134,1474
ORD1029,30-01-2024,Headphones,South,Eva,Retail,2,1867,3734
ORD1030,31-01-2024,Monitor,North,Grace,Online,9,377,3393
ORD1031,01-02-2024,Laptop,West,Hannah,Retail,17,865,14705
ORD1032,02-02-2024,Headphones,North,Alice,Retail,3,1523,4569
ORD1033,03-02-2024,Smartphone,North,Frank,Online,6,503,3018
ORD1034,04-02-2024,Keyboard,East,Alice,Distributor,5,1997,9985
ORD1035,05-02-2024,Monitor,South,Bob,Distributor,5,678,3390
ORD1036,06-02-2024,Headphones,West,Hannah,Online,15,1294,19410
ORD1037,07-02-2024,Laptop,East,Grace,Distributor,17,1227,20859
ORD1038,08-02-2024,Laptop,North,Alice,Online,9,714,6426
ORD1039,09-02-2024,Tablet,South,Charlie,Online,3,61,183
ORD1040,10-02-2024,Tablet,East,Eva,Online,17,1206,20502
ORD1041,11-02-2024,Mouse,South,Bob,Distributor,10,353,3530
ORD1042,12-02-2024,Smartphone,East,Grace,Online,3,1366,4098
ORD1043,13-02-2024,Printer,South,Alice,Retail,18,1024,18432
ORD1044,14-02-2024,Headphones,North,Frank,Distributor,18,1373,24714
ORD1045,15-02-2024,Headphones,West,Charlie,Distributor,17,1813,30821
ORD1046,16-02-2024,Printer,North,Charlie,Distributor,3,832,2496
ORD1047,17-02-2024,Mouse,West,Alice,Distributor,3,92,276
ORD1048,18-02-2024,Keyboard,South,Eva,Retail,6,993,5958
ORD1049,19-02-2024,Keyboard,East,Alice,Distributor,13,392,5096
ORD1050,20-02-2024,Mouse,North,Bob,Distributor,15,1399,20985
ORD1051,21-02-2024,Keyboard,West,Alice,Online,9,1887,16983
ORD1052,22-02-2024,Tablet,North,Charlie,Distributor,4,547,2188
ORD1053,23-02-2024,Headphones,West,Grace,Retail,14,413,5782
ORD1054,24-02-2024,Mouse,North,Alice,Retail,5,940,4700
ORD1055,25-02-2024,Headphones,West,Eva,Retail,2,476,952
ORD1056,26-02-2024,Printer,West,Hannah,Retail,11,1054,11594
ORD1057,27-02-2024,Laptop,South,Grace,Distributor,9,70,630
ORD1058,28-02-2024,Tablet,West,Frank,Distributor,3,456,1368
ORD1059,29-02-2024,Monitor,South,David,Retail,9,668,6012
ORD1060,01-03-2024,Tablet,West,Alice,Retail,3,1064,3192
ORD1061,02-03-2024,Mouse,East,Eva,Distributor,2,385,770
ORD1062,03-03-2024,Monitor,East,Grace,Retail,12,1888,22656
ORD1063,04-03-2024,Laptop,East,Eva,Online,10,1190,11900
ORD1064,05-03-2024,Mouse,West,Frank,Retail,9,1197,10773
ORD1065,06-03-2024,Smartphone,South,Charlie,Retail,15,448,6720
ORD1066,07-03-2024,Headphones,South,Eva,Online,8,842,6736
ORD1067,08-03-2024,Laptop,West,Grace,Online,5,1877,9385
ORD1068,09-03-2024,Headphones,East,Eva,Distributor,11,764,8404
ORD1069,10-03-2024,Keyboard,East,Eva,Distributor,2,100,200
ORD1070,11-03-2024,Smartphone,South,Eva,Online,15,1856,27840
ORD1071,12-03-2024,Smartphone,East,Bob,Online,6,373,2238
ORD1072,13-03-2024,Laptop,North,Bob,Distributor,8,838,6704
ORD1073,14-03-2024,Smartphone,South,Charlie,Retail,5,190,950
ORD1074,15-03-2024,Monitor,East,Alice,Online,16,519,8304
ORD1075,16-03-2024,Smartphone,South,Eva,Distributor,18,836,15048
ORD1076,17-03-2024,Headphones,North,Frank,Retail,6,1875,11250
ORD1077,18-03-2024,Headphones,South,Alice,Online,5,1407,7035
ORD1078,19-03-2024,Mouse,South,Frank,Retail,16,1966,31456
ORD1079,20-03-2024,Headphones,South,Alice,Distributor,13,1013,13169
ORD1080,21-03-2024,Mouse,South,Charlie,Online,5,1057,5285
ORD1081,22-03-2024,Headphones,North,Eva,Retail,13,422,5486
ORD1082,23-03-2024,Monitor,West,Eva,Online,17,1637,27829
ORD1083,24-03-2024,Printer,South,David,Retail,18,543,9774
ORD1084,25-03-2024,Mouse,South,Frank,Distributor,8,1612,12896
ORD1085,26-03-2024,Tablet,East,Alice,Distributor,13,1742,22646
ORD1086,27-03-2024,Keyboard,South,Alice,Online,19,800,15200
ORD1087,28-03-2024,Laptop,East,Hannah,Retail,3,1229,3687
ORD1088,29-03-2024,Headphones,West,Hannah,Online,8,340,2720
ORD1089,30-03-2024,Smartphone,North,Bob,Online,2,1721,3442
ORD1090,31-03-2024,Printer,North,David,Retail,8,1217,9736
ORD1091,01-04-2024,Headphones,West,Grace,Retail,13,155,2015
ORD1092,02-04-2024,Smartphone,North,Hannah,Retail,13,1493,19409
ORD1093,03-04-2024,Keyboard,West,Grace,Distributor,1,719,719
ORD1094,04-04-2024,Keyboard,West,Bob,Online,6,1731,10386
ORD1095,05-04-2024,Keyboard,West,Bob,Online,19,51,969
ORD1096,06-04-2024,Smartphone,North,Bob,Distributor,16,638,10208
ORD1097,07-04-2024,Headphones,East,Frank,Retail,8,693,5544
ORD1098,08-04-2024,Keyboard,West,Frank,Distributor,1,139,139
ORD1099,09-04-2024,Monitor,South,Charlie,Distributor,16,1418,22688
ORD1100,10-04-2024,Mouse,North,Charlie,Distributor,9,399,3591
ORD1101,11-04-2024,Smartphone,West,Bob,Online,13,1532,19916
ORD1102,12-04-2024,Smartphone,West,David,Distributor,11,1336,14696
ORD1103,13-04-2024,Headphones,South,Alice,Online,13,1424,18512
ORD1104,14-04-2024,Smartphone,East,Frank,Online,10,1181,11810
ORD1105,15-04-2024,Smartphone,East,David,Online,4,1659,6636
ORD1106,16-04-2024,Keyboard,East,Eva,Retail,6,1112,6672
ORD1107,17-04-2024,Headphones,West,Frank,Online,7,958,6706
ORD1108,18-04-2024,Keyboard,West,Frank,Online,5,208,1040
ORD1109,19-04-2024,Mouse,West,Charlie,Retail,11,1656,18216
ORD1110,20-04-2024,Printer,North,Alice,Online,13,1008,13104
ORD1111,21-04-2024,Mouse,South,Alice,Distributor,19,361,6859
ORD1112,22-04-2024,Printer,West,Hannah,Distributor,10,1314,13140
ORD1113,23-04-2024,Keyboard,South,Grace,Online,10,494,4940
ORD1114,24-04-2024,Mouse,South,Grace,Retail,11,347,3817
ORD1115,25-04-2024,Headphones,East,Grace,Distributor,7,1001,7007
ORD1116,26-04-2024,Laptop,North,Grace,Retail,18,85,1530
ORD1117,27-04-2024,Keyboard,West,Eva,Retail,4,1157,4628
ORD1118,28-04-2024,Printer,East,Eva,Distributor,2,1525,3050
ORD1119,29-04-2024,Monitor,East,Frank,Retail,14,1959,27426
ORD1120,30-04-2024,Printer,West,Bob,Distributor,13,1848,24024
ORD1121,01-05-2024,Monitor,South,Charlie,Retail,12,1895,22740
ORD1122,02-05-2024,Smartphone,East,Charlie,Distributor,7,1458,10206
ORD1123,03-05-2024,Mouse,South,Grace,Online,2,1245,2490
ORD1124,04-05-2024,Monitor,North,Frank,Distributor,13,1449,18837
ORD1125,05-05-2024,Printer,South,Hannah,Distributor,14,1758,24612
ORD1126,06-05-2024,Smartphone,North,David,Distributor,17,1435,24395
ORD1127,07-05-2024,Laptop,South,Bob,Distributor,9,608,5472
ORD1128,08-05-2024,Headphones,East,Frank,Retail,17,940,15980
ORD1129,09-05-2024,Headphones,East,Bob,Online,8,190,1520
ORD1130,10-05-2024,Headphones,North,Bob,Distributor,2,936,1872
ORD1131,11-05-2024,Monitor,West,Bob,Retail,13,1991,25883
ORD1132,12-05-2024,Laptop,North,Frank,Online,3,1191,3573
ORD1133,13-05-2024,Monitor,North,Grace,Online,16,1350,21600
ORD1134,14-05-2024,Mouse,South,Charlie,Online,6,775,4650
ORD1135,15-05-2024,Monitor,South,Charlie,Online,19,1293,24567
ORD1136,16-05-2024,Laptop,North,Grace,Distributor,7,1978,13846
ORD1137,17-05-2024,Laptop,East,Bob,Distributor,10,1099,10990
ORD1138,18-05-2024,Mouse,South,David,Retail,9,570,5130
ORD1139,19-05-2024,Laptop,West,Alice,Retail,2,1856,3712
ORD1140,20-05-2024,Printer,South,Frank,Retail,15,59,885
ORD1141,21-05-2024,Laptop,South,Alice,Online,5,1033,5165
ORD1142,22-05-2024,Headphones,West,Hannah,Online,4,427,1708
ORD1143,23-05-2024,Printer,North,Grace,Distributor,4,1706,6824
ORD1144,24-05-2024,Printer,West,David,Online,18,1710,30780
ORD1145,25-05-2024,Mouse,North,Frank,Online,4,731,2924
ORD1146,26-05-2024,Tablet,North,Grace,Online,17,633,10761
ORD1147,27-05-2024,Tablet,North,Bob,Retail,12,201,2412
ORD1148,28-05-2024,Laptop,West,Charlie,Retail,17,769,13073
ORD1149,29-05-2024,Printer,North,Alice,Distributor,10,1122,11220
ORD1150,30-05-2024,Tablet,East,Eva,Online,1,1227,1227
ORD1151,31-05-2024,Tablet,West,Eva,Online,18,908,16344
ORD1152,01-06-2024,Laptop,East,David,Distributor,18,1366,24588
ORD1153,02-06-2024,Tablet,North,Bob,Online,14,1653,23142
ORD1154,03-06-2024,Monitor,South,Hannah,Online,15,99,1485
ORD1155,04-06-2024,Smartphone,North,Alice,Retail,12,713,8556
ORD1156,05-06-2024,Mouse,East,Bob,Distributor,4,580,2320
ORD1157,06-06-2024,Smartphone,East,Alice,Distributor,3,1685,5055
ORD1158,07-06-2024,Laptop,West,David,Distributor,12,1133,13596
ORD1159,08-06-2024,Headphones,South,David,Distributor,7,1240,8680
ORD1160,09-06-2024,Mouse,West,Hannah,Retail,11,1275,14025
ORD1161,10-06-2024,Laptop,East,Eva,Retail,1,906,906
ORD1162,11-06-2024,Printer,North,Bob,Online,6,195,1170
ORD1163,12-06-2024,Headphones,South,Frank,Online,15,964,14460
ORD1164,13-06-2024,Smartphone,North,Eva,Online,15,1749,26235
ORD1165,14-06-2024,Laptop,North,Bob,Online,19,1042,19798
ORD1166,15-06-2024,Printer,South,Eva,Retail,11,1512,16632
ORD1167,16-06-2024,Mouse,West,Frank,Distributor,2,291,582
ORD1168,17-06-2024,Mouse,North,Charlie,Retail,14,630,8820
ORD1169,18-06-2024,Keyboard,East,Charlie,Online,2,736,1472
ORD1170,19-06-2024,Printer,North,Hannah,Retail,4,1634,6536
ORD1171,20-06-2024,Monitor,South,Charlie,Distributor,17,532,9044
ORD1172,21-06-2024,Tablet,South,Charlie,Distributor,3,1181,3543
ORD1173,22-06-2024,Headphones,South,Grace,Retail,13,1299,16887
ORD1174,23-06-2024,Printer,West,Alice,Retail,9,722,6498
ORD1175,24-06-2024,Keyboard,North,Grace,Retail,7,680,4760
ORD1176,25-06-2024,Tablet,West,Grace,Online,15,710,10650
ORD1177,26-06-2024,Tablet,West,Hannah,Retail,11,711,7821
ORD1178,27-06-2024,Laptop,South,Grace,Retail,2,1505,3010
ORD1179,28-06-2024,Tablet,South,Charlie,Retail,15,854,12810
ORD1180,29-06-2024,Monitor,West,Frank,Distributor,14,1728,24192
ORD1181,30-06-2024,Mouse,North,Hannah,Distributor,11,468,5148
ORD1182,01-07-2024,Keyboard,East,Hannah,Online,3,1037,3111
ORD1183,02-07-2024,Tablet,West,David,Online,17,1528,25976
ORD1184,03-07-2024,Laptop,North,Hannah,Distributor,12,1233,14796
ORD1185,04-07-2024,Monitor,South,David,Distributor,15,1596,23940
ORD1186,05-07-2024,Smartphone,South,Hannah,Distributor,16,699,11184
ORD1187,06-07-2024,Mouse,North,Alice,Retail,5,1018,5090
ORD1188,07-07-2024,Mouse,East,Charlie,Retail,6,639,3834
ORD1189,08-07-2024,Keyboard,South,Hannah,Distributor,19,1150,21850
ORD1190,09-07-2024,Mouse,South,Charlie,Retail,5,558,2790
ORD1191,10-07-2024,Tablet,South,Charlie,Retail,3,490,1470
ORD1192,11-07-2024,Laptop,North,Eva,Online,1,1327,1327
ORD1193,12-07-2024,Mouse,West,Hannah,Distributor,6,970,5820
ORD1194,13-07-2024,Mouse,South,Bob,Distributor,15,819,12285
ORD1195,14-07-2024,Smartphone,West,Eva,Retail,2,1393,2786
ORD1196,15-07-2024,Smartphone,East,Bob,Distributor,3,1876,5628
ORD1197,16-07-2024,Headphones,South,Charlie,Online,17,312,5304
ORD1198,17-07-2024,Monitor,South,Charlie,Online,12,1670,20040
ORD1199,18-07-2024,Tablet,East,Eva,Online,18,1731,31158
ORD1200,19-07-2024,Mouse,South,Eva,Distributor,15,1908,28620
ORD1201,20-07-2024,Printer,West,Bob,Distributor,12,1627,19524
ORD1202,21-07-2024,Mouse,North,David,Distributor,16,1447,23152
ORD1203,22-07-2024,Laptop,West,Bob,Distributor,8,686,5488
ORD1204,23-07-2024,Headphones,North,Eva,Distributor,14,1240,17360
ORD1205,24-07-2024,Monitor,North,Frank,Online,17,1826,31042
ORD1206,25-07-2024,Printer,West,Eva,Retail,8,508,4064
ORD1207,26-07-2024,Headphones,West,Frank,Online,15,1048,15720
ORD1208,27-07-2024,Keyboard,West,Alice,Distributor,14,1353,18942
ORD1209,28-07-2024,Monitor,West,Eva,Online,18,749,13482
ORD1210,29-07-2024,Mouse,East,Alice,Distributor,7,351,2457
ORD1211,30-07-2024,Mouse,South,David,Distributor,3,1604,4812
ORD1212,31-07-2024,Monitor,North,Bob,Online,12,1653,19836
ORD1213,01-08-2024,Mouse,West,Frank,Distributor,3,1291,3873
ORD1214,02-08-2024,Tablet,West,Bob,Retail,14,1175,16450
ORD1215,03-08-2024,Monitor,West,Alice,Distributor,15,603,9045
ORD1216,04-08-2024,Headphones,East,Frank,Retail,14,337,4718
ORD1217,05-08-2024,Monitor,West,Bob,Retail,7,1240,8680
ORD1218,06-08-2024,Printer,West,Eva,Distributor,17,670,11390
ORD1219,07-08-2024,Mouse,West,Charlie,Online,12,1055,12660
ORD1220,08-08-2024,Tablet,South,Alice,Retail,4,85,340
ORD1221,09-08-2024,Tablet,East,Bob,Online,9,793,7137
ORD1222,10-08-2024,Keyboard,West,Alice,Retail,6,1814,10884
ORD1223,11-08-2024,Headphones,North,Grace,Distributor,16,402,6432
ORD1224,12-08-2024,Smartphone,North,Alice,Distributor,2,1749,3498
ORD1225,13-08-2024,Smartphone,North,Frank,Retail,8,1972,15776
ORD1226,14-08-2024,Monitor,East,Grace,Distributor,11,122,1342
ORD1227,15-08-2024,Keyboard,East,Hannah,Retail,13,697,9061
ORD1228,16-08-2024,Laptop,North,Frank,Distributor,17,1426,24242
ORD1229,17-08-2024,Monitor,West,Charlie,Online,8,1964,15712
ORD1230,18-08-2024,Keyboard,East,Grace,Distributor,18,1143,20574
ORD1231,19-08-2024,Headphones,North,Hannah,Online,18,474,8532
ORD1232,20-08-2024,Headphones,North,Eva,Distributor,14,1048,14672
ORD1233,21-08-2024,Headphones,West,Alice,Online,15,757,11355
ORD1234,22-08-2024,Headphones,South,Bob,Distributor,6,1854,11124
ORD1235,23-08-2024,Headphones,East,David,Online,11,610,6710
ORD1236,24-08-2024,Keyboard,West,Alice,Retail,13,877,11401
ORD1237,25-08-2024,Keyboard,North,Hannah,Retail,1,1715,1715
ORD1238,26-08-2024,Tablet,North,Alice,Online,6,1005,6030
ORD1239,27-08-2024,Printer,West,Charlie,Distributor,9,566,5094
ORD1240,28-08-2024,Smartphone,East,Eva,Online,8,477,3816
ORD1241,29-08-2024,Mouse,South,David,Distributor,11,1612,17732
ORD1242,30-08-2024,Headphones,South,Grace,Retail,19,209,3971
ORD1243,31-08-2024,Laptop,North,Grace,Distributor,9,198,1782
ORD1244,01-09-2024,Mouse,East,Grace,Retail,17,825,14025
ORD1245,02-09-2024,Keyboard,South,Hannah,Distributor,12,1303,15636
ORD1246,03-09-2024,Laptop,East,Frank,Distributor,14,1785,24990
ORD1247,04-09-2024,Laptop,East,Frank,Distributor,15,1635,24525
ORD1248,05-09-2024,Laptop,North,Bob,Online,16,116,1856
ORD1249,06-09-2024,Tablet,South,David,Online,1,1063,1063
ORD1250,07-09-2024,Keyboard,West,Grace,Retail,10,1885,18850
ORD1251,08-09-2024,Laptop,North,Frank,Retail,8,430,3440
ORD1252,09-09-2024,Headphones,South,Hannah,Online,18,107,1926
ORD1253,10-09-2024,Monitor,South,Bob,Retail,1,1332,1332
ORD1254,11-09-2024,Laptop,South,Eva,Online,2,391,782
ORD1255,12-09-2024,Tablet,South,Bob,Distributor,1,1911,1911
ORD1256,13-09-2024,Mouse,South,Frank,Retail,1,1203,1203
ORD1257,14-09-2024,Keyboard,East,Charlie,Retail,9,776,6984
ORD1258,15-09-2024,Printer,North,Hannah,Online,13,1245,16185
ORD1259,16-09-2024,Tablet,East,Charlie,Retail,1,819,819
ORD1260,17-09-2024,Laptop,West,Grace,Retail,13,663,8619
ORD1261,18-09-2024,Keyboard,South,Charlie,Distributor,7,1282,8974
ORD1262,19-09-2024,Monitor,North,Grace,Retail,2,1876,3752
ORD1263,20-09-2024,Laptop,South,Grace,Distributor,6,403,2418
ORD1264,21-09-2024,Tablet,North,Frank,Online,7,1544,10808
ORD1265,22-09-2024,Smartphone,East,Charlie,Retail,14,1871,26194
ORD1266,23-09-2024,Headphones,North,Grace,Distributor,18,165,2970
ORD1267,24-09-2024,Printer,West,David,Online,15,1337,20055
ORD1268,25-09-2024,Mouse,West,Eva,Retail,2,711,1422
ORD1269,26-09-2024,Tablet,North,Bob,Online,10,1885,18850
ORD1270,27-09-2024,Keyboard,North,Bob,Retail,12,1515,18180
ORD1271,28-09-2024,Printer,North,Frank,Online,17,1621,27557
ORD1272,29-09-2024,Printer,North,Charlie,Online,8,502,4016
ORD1273,30-09-2024,Printer,West,Charlie,Distributor,11,1918,21098
ORD1274,01-10-2024,Laptop,South,Grace,Online,3,1550,4650
ORD1275,02-10-2024,Headphones,North,Hannah,Retail,6,336,2016
ORD1276,03-10-2024,Laptop,North,Alice,Retail,9,1376,12384
ORD1277,04-10-2024,Keyboard,West,Grace,Distributor,6,1066,6396
ORD1278,05-10-2024,Laptop,West,Eva,Retail,9,360,3240
ORD1279,06-10-2024,Smartphone,East,David,Retail,7,257,1799
ORD1280,07-10-2024,Headphones,North,Bob,Retail,9,667,6003
ORD1281,08-10-2024,Headphones,East,Grace,Online,18,495,8910
ORD1282,09-10-2024,Keyboard,West,Alice,Online,12,719,8628
ORD1283,10-10-2024,Mouse,West,Alice,Retail,8,682,5456
ORD1284,11-10-2024,Smartphone,South,Grace,Distributor,8,104,832
ORD1285,12-10-2024,Tablet,North,Frank,Online,18,961,17298
ORD1286,13-10-2024,Laptop,East,Bob,Distributor,15,1085,16275
ORD1287,14-10-2024,Monitor,West,Frank,Retail,7,706,4942
ORD1288,15-10-2024,Laptop,West,David,Retail,11,1473,16203
ORD1289,16-10-2024,Printer,East,Alice,Online,16,1981,31696
ORD1290,17-10-2024,Laptop,South,Alice,Retail,4,1721,6884
ORD1291,18-10-2024,Tablet,West,Eva,Online,6,1029,6174
ORD1292,19-10-2024,Laptop,North,David,Retail,3,564,1692
ORD1293,20-10-2024,Smartphone,West,Alice,Retail,9,1729,15561
ORD1294,21-10-2024,Smartphone,North,David,Online,10,1615,16150
ORD1295,22-10-2024,Headphones,East,Bob,Online,14,286,4004
ORD1296,23-10-2024,Keyboard,North,Charlie,Online,11,1352,14872
ORD1297,24-10-2024,Mouse,East,Alice,Retail,18,397,7146
ORD1298,25-10-2024,Monitor,North,Eva,Retail,12,676,8112
ORD1299,26-10-2024,Printer,East,Bob,Distributor,12,1177,14124
ORD1300,27-10-2024,Laptop,North,Grace,Online,13,679,8827
ORD1301,28-10-2024,Laptop,South,David,Retail,13,1590,20670
ORD1302,29-10-2024,Tablet,North,Grace,Retail,19,1945,36955
ORD1303,30-10-2024,Keyboard,North,Frank,Online,19,1321,25099
ORD1304,31-10-2024,Smartphone,South,Bob,Distributor,14,413,5782
ORD1305,01-11-2024,Monitor,West,Grace,Online,4,370,1480
ORD1306,02-11-2024,Headphones,West,Hannah,Distributor,13,1706,22178
ORD1307,03-11-2024,Smartphone,North,Hannah,Retail,8,335,2680
ORD1308,04-11-2024,Printer,South,Alice,Distributor,19,198,3762
ORD1309,05-11-2024,Keyboard,North,David,Retail,12,1157,13884
ORD1310,06-11-2024,Printer,East,Charlie,Online,18,455,8190
ORD1311,07-11-2024,Mouse,East,Bob,Online,6,1027,6162
ORD1312,08-11-2024,Headphones,North,Alice,Online,18,505,9090
ORD1313,09-11-2024,Mouse,West,Eva,Distributor,19,1816,34504
ORD1314,10-11-2024,Tablet,West,Frank,Retail,5,849,4245
ORD1315,11-11-2024,Printer,North,David,Online,9,1234,11106
ORD1316,12-11-2024,Tablet,North,Bob,Online,3,1062,3186
ORD1317,13-11-2024,Laptop,East,Hannah,Retail,10,833,8330
ORD1318,14-11-2024,Mouse,West,Bob,Online,19,509,9671
ORD1319,15-11-2024,Keyboard,North,Charlie,Retail,3,1623,4869
ORD1320,16-11-2024,Printer,East,Hannah,Retail,15,1573,23595
ORD1321,17-11-2024,Monitor,West,Charlie,Retail,1,787,787
ORD1322,18-11-2024,Headphones,South,Eva,Retail,7,558,3906
ORD1323,19-11-2024,Smartphone,East,Frank,Retail,12,1727,20724
ORD1324,20-11-2024,Keyboard,West,Eva,Distributor,17,1877,31909
ORD1325,21-11-2024,Keyboard,West,Alice,Online,5,530,2650
ORD1326,22-11-2024,Tablet,East,Alice,Distributor,4,1736,6944
ORD1327,23-11-2024,Mouse,South,Eva,Online,12,163,1956
ORD1328,24-11-2024,Printer,East,Frank,Distributor,18,798,14364
ORD1329,25-11-2024,Printer,West,Eva,Retail,17,1651,28067
ORD1330,26-11-2024,Laptop,North,Frank,Online,19,410,7790
ORD1331,27-11-2024,Laptop,North,Frank,Online,9,390,3510
ORD1332,28-11-2024,Headphones,East,Grace,Distributor,4,819,3276
ORD1333,29-11-2024,Tablet,West,Hannah,Distributor,2,810,1620
ORD1334,30-11-2024,Keyboard,North,David,Online,4,1018,4072
ORD1335,01-12-2024,Printer,West,Frank,Distributor,2,498,996
ORD1336,02-12-2024,Monitor,East,Charlie,Distributor,15,1916,28740
ORD1337,03-12-2024,Tablet,North,Frank,Distributor,2,884,1768
ORD1338,04-12-2024,Headphones,West,Frank,Retail,4,1253,5012
ORD1339,05-12-2024,Headphones,North,Frank,Retail,6,1775,10650
ORD1340,06-12-2024,Tablet,East,Grace,Distributor,7,1480,10360
ORD1341,07-12-2024,Headphones,West,Hannah,Distributor,10,1739,17390
ORD1342,08-12-2024,Tablet,North,Grace,Retail,19,1269,24111
ORD1343,09-12-2024,Smartphone,East,Alice,Retail,19,1539,29241
ORD1344,10-12-2024,Tablet,North,Grace,Online,12,360,4320
ORD1345,11-12-2024,Mouse,North,Charlie,Online,3,311,933
ORD1346,12-12-2024,Tablet,South,Charlie,Retail,13,1492,19396
ORD1347,13-12-2024,Headphones,South,Grace,Distributor,18,455,8190
ORD1348,14-12-2024,Printer,East,Hannah,Distributor,8,192,1536
ORD1349,15-12-2024,Mouse,South,Eva,Distributor,15,391,5865
ORD1350,16-12-2024,Headphones,East,David,Distributor,1,1389,1389
ORD1351,17-12-2024,Laptop,South,Hannah,Online,3,1174,3522
ORD1352,18-12-2024,Laptop,North,Grace,Retail,8,293,2344
ORD1353,19-12-2024,Printer,East,Frank,Distributor,4,539,2156
ORD1354,20-12-2024,Printer,East,Bob,Online,16,61,976
ORD1355,21-12-2024,Mouse,North,David,Distributor,10,1312,13120
ORD1356,22-12-2024,Smartphone,East,David,Retail,12,610,7320
ORD1357,23-12-2024,Printer,East,Charlie,Online,14,91,1274
ORD1358,24-12-2024,Laptop,South,David,Retail,14,727,10178
ORD1359,25-12-2024,Tablet,East,Grace,Retail,2,643,1286
ORD1360,26-12-2024,Headphones,West,Frank,Online,5,1502,7510
ORD1361,27-12-2024,Laptop,North,Frank,Online,5,1876,9380
ORD1362,28-12-2024,Laptop,South,Alice,Online,6,1231,7386
ORD1363,29-12-2024,Smartphone,South,Frank,Online,13,1289,16757
ORD1364,30-12-2024,Mouse,West,Hannah,Online,9,1743,15687
ORD1365,31-12-2024,Mouse,North,Frank,Online,15,1535,23025
ORD1366,01-01-2025,Keyboard,North,Charlie,Online,14,183,2562
ORD1367,02-01-2025,Smartphone,South,Frank,Distributor,7,1140,7980
ORD1368,03-01-2025,Tablet,East,Alice,Retail,2,1921,3842
ORD1369,04-01-2025,Mouse,South,Bob,Online,7,1080,7560
ORD1370,05-01-2025,Headphones,North,Grace,Distributor,6,997,5982
ORD1371,06-01-2025,Printer,West,Charlie,Distributor,17,1599,27183
ORD1372,07-01-2025,Smartphone,South,Hannah,Distributor,2,122,244
ORD1373,08-01-2025,Printer,North,Bob,Retail,3,448,1344
ORD1374,09-01-2025,Laptop,South,Charlie,Online,5,1478,7390
ORD1375,10-01-2025,Headphones,East,Eva,Distributor,5,1748,8740
ORD1376,11-01-2025,Headphones,South,David,Retail,1,627,627
ORD1377,12-01-2025,Laptop,South,Eva,Retail,8,908,7264
ORD1378,13-01-2025,Smartphone,North,Frank,Retail,12,179,2148
ORD1379,14-01-2025,Laptop,North,Bob,Distributor,4,980,3920
ORD1380,15-01-2025,Printer,North,Frank,Online,13,1539,20007
ORD1381,16-01-2025,Keyboard,South,David,Distributor,15,1279,19185
ORD1382,17-01-2025,Headphones,East,Charlie,Distributor,11,1861,20471
ORD1383,18-01-2025,Monitor,West,David,Online,10,1841,18410
ORD1384,19-01-2025,Monitor,West,Alice,Online,3,315,945
ORD1385,20-01-2025,Printer,North,David,Online,14,1610,22540
ORD1386,21-01-2025,Tablet,North,Alice,Retail,16,842,13472
ORD1387,22-01-2025,Mouse,South,David,Online,10,302,3020
ORD1388,23-01-2025,Laptop,West,Grace,Distributor,10,871,8710
ORD1389,24-01-2025,Laptop,North,Alice,Online,12,1362,16344
ORD1390,25-01-2025,Tablet,East,Bob,Distributor,9,213,1917
ORD1391,26-01-2025,Tablet,East,Frank,Retail,1,144,144
ORD1392,27-01-2025,Printer,North,Hannah,Distributor,5,1855,9275
ORD1393,28-01-2025,Printer,North,Frank,Distributor,8,882,7056
ORD1394,29-01-2025,Tablet,West,Eva,Online,11,1183,13013
ORD1395,30-01-2025,Headphones,West,Frank,Online,12,385,4620
ORD1396,31-01-2025,Printer,South,Charlie,Distributor,1,871,871
ORD1397,01-02-2025,Keyboard,West,Grace,Online,11,287,3157
ORD1398,02-02-2025,Printer,East,David,Retail,5,430,2150
ORD1399,03-02-2025,Laptop,East,Eva,Retail,15,1509,22635
ORD1400,04-02-2025,Printer,North,Charlie,Online,5,948,4740
ORD1401,05-02-2025,Headphones,West,Charlie,Retail,12,532,6384
ORD1402,06-02-2025,Tablet,South,Alice,Online,5,951,4755
ORD1403,07-02-2025,Laptop,East,Frank,Distributor,17,1098,18666
ORD1404,08-02-2025,Printer,East,Bob,Distributor,17,1726,29342
ORD1405,09-02-2025,Headphones,South,Hannah,Retail,12,1190,14280
ORD1406,10-02-2025,Keyboard,South,Bob,Online,15,531,7965
ORD1407,11-02-2025,Printer,East,Eva,Online,15,1465,21975
ORD1408,12-02-2025,Headphones,East,Grace,Retail,6,966,5796
ORD1409,13-02-2025,Keyboard,South,Bob,Distributor,12,1043,12516
ORD1410,14-02-2025,Tablet,East,David,Retail,18,1013,18234
ORD1411,15-02-2025,Printer,North,Bob,Distributor,14,586,8204
ORD1412,16-02-2025,Keyboard,North,Eva,Online,2,1152,2304
ORD1413,17-02-2025,Laptop,South,Hannah,Distributor,9,1653,14877
ORD1414,18-02-2025,Tablet,West,Bob,Retail,5,1246,6230
ORD1415,19-02-2025,Laptop,South,David,Online,1,1085,1085
ORD1416,20-02-2025,Monitor,South,Alice,Retail,3,1873,5619
ORD1417,21-02-2025,Smartphone,West,Grace,Retail,6,177,1062
ORD1418,22-02-2025,Printer,West,Eva,Distributor,5,1681,8405
ORD1419,23-02-2025,Keyboard,West,Alice,Retail,5,141,705
ORD1420,24-02-2025,Smartphone,North,Alice,Distributor,1,1726,1726
ORD1421,25-02-2025,Smartphone,East,Alice,Online,17,592,10064
ORD1422,26-02-2025,Keyboard,North,Charlie,Distributor,19,895,17005
ORD1423,27-02-2025,Tablet,East,Grace,Online,14,1605,22470
ORD1424,28-02-2025,Printer,North,Hannah,Distributor,12,1731,20772
ORD1425,01-03-2025,Monitor,East,Frank,Retail,10,1038,10380
ORD1426,02-03-2025,Laptop,North,Grace,Distributor,18,1901,34218
ORD1427,03-03-2025,Headphones,West,Charlie,Distributor,11,496,5456
ORD1428,04-03-2025,Laptop,South,Frank,Online,2,439,878
ORD1429,05-03-2025,Headphones,North,Grace,Retail,18,721,12978
ORD1430,06-03-2025,Laptop,East,Alice,Distributor,7,1934,13538
ORD1431,07-03-2025,Keyboard,West,Eva,Retail,15,92,1380
ORD1432,08-03-2025,Monitor,North,Frank,Distributor,11,303,3333
ORD1433,09-03-2025,Printer,North,David,Distributor,18,1203,21654
ORD1434,10-03-2025,Headphones,West,David,Retail,12,1133,13596
ORD1435,11-03-2025,Printer,North,Bob,Distributor,6,712,4272
ORD1436,12-03-2025,Printer,South,Frank,Retail,13,516,6708
ORD1437,13-03-2025,Printer,North,Eva,Distributor,16,336,5376
ORD1438,14-03-2025,Mouse,South,Hannah,Online,18,1060,19080
ORD1439,15-03-2025,Tablet,South,Charlie,Retail,10,1590,15900
ORD1440,16-03-2025,Laptop,West,Alice,Distributor,8,1540,12320
ORD1441,17-03-2025,Printer,North,Bob,Distributor,18,827,14886
ORD1442,18-03-2025,Laptop,West,David,Online,1,394,394
ORD1443,19-03-2025,Printer,North,Charlie,Retail,8,691,5528
ORD1444,20-03-2025,Headphones,North,Charlie,Distributor,6,431,2586
ORD1445,21-03-2025,Tablet,East,Alice,Online,5,1852,9260
ORD1446,22-03-2025,Tablet,North,Hannah,Distributor,15,739,11085
ORD1447,23-03-2025,Keyboard,West,Hannah,Retail,15,1326,19890
ORD1448,24-03-2025,Mouse,South,Frank,Distributor,2,1129,2258
ORD1449,25-03-2025,Keyboard,North,David,Distributor,1,1536,1536
ORD1450,26-03-2025,Keyboard,East,Hannah,Distributor,11,506,5566
ORD1451,27-03-2025,Keyboard,West,Eva,Distributor,10,1032,10320
ORD1452,28-03-2025,Keyboard,North,Hannah,Online,18,132,2376
ORD1453,29-03-2025,Keyboard,West,Charlie,Online,18,1978,35604
ORD1454,30-03-2025,Monitor,East,Alice,Retail,17,1172,19924
ORD1455,31-03-2025,Tablet,East,Eva,Online,8,198,1584
ORD1456,01-04-2025,Keyboard,West,Frank,Online,15,1402,21030
ORD1457,02-04-2025,Printer,North,David,Retail,8,1229,9832
ORD1458,03-04-2025,Tablet,South,Frank,Online,17,239,4063
ORD1459,04-04-2025,Tablet,East,Charlie,Online,12,1567,18804
ORD1460,05-04-2025,Smartphone,North,Eva,Retail,8,932,7456
ORD1461,06-04-2025,Monitor,North,Eva,Retail,14,312,4368
ORD1462,07-04-2025,Keyboard,South,Eva,Retail,4,1153,4612
ORD1463,08-04-2025,Laptop,East,Charlie,Distributor,1,449,449
ORD1464,09-04-2025,Headphones,East,Charlie,Distributor,1,813,813
ORD1465,10-04-2025,Mouse,North,Frank,Retail,19,658,12502
ORD1466,11-04-2025,Printer,North,Bob,Retail,16,1333,21328
ORD1467,12-04-2025,Laptop,South,Frank,Retail,14,1845,25830
ORD1468,13-04-2025,Monitor,South,David,Distributor,16,1688,27008
ORD1469,14-04-2025,Headphones,East,Alice,Distributor,5,1625,8125
ORD1470,15-04-2025,Monitor,West,Eva,Online,9,834,7506
ORD1471,16-04-2025,Printer,East,Bob,Online,2,150,300
ORD1472,17-04-2025,Tablet,North,Alice,Retail,18,1432,25776
ORD1473,18-04-2025,Headphones,East,Bob,Distributor,6,1453,8718
ORD1474,19-04-2025,Tablet,West,Hannah,Distributor,9,869,7821
ORD1475,20-04-2025,Printer,South,Hannah,Distributor,1,1294,1294
ORD1476,21-04-2025,Laptop,West,Grace,Retail,9,869,7821
ORD1477,22-04-2025,Printer,West,Hannah,Online,16,469,7504
ORD1478,23-04-2025,Laptop,West,Frank,Retail,13,173,2249
ORD1479,24-04-2025,Headphones,South,Hannah,Online,9,471,4239
ORD1480,25-04-2025,Headphones,West,Charlie,Online,13,1304,16952
ORD1481,26-04-2025,Keyboard,West,Eva,Retail,9,1763,15867
ORD1482,27-04-2025,Monitor,West,Frank,Online,11,1136,12496
ORD1483,28-04-2025,Keyboard,North,Alice,Online,4,1558,6232
ORD1484,29-04-2025,Monitor,West,Grace,Distributor,2,1701,3402
ORD1485,30-04-2025,Keyboard,South,Grace,Online,6,1776,10656
ORD1486,01-05-2025,Tablet,West,Grace,Retail,14,1647,23058
ORD1487,02-05-2025,Headphones,West,Alice,Retail,4,817,3268
ORD1488,03-05-2025,Laptop,South,Alice,Online,6,532,3192
ORD1489,04-05-2025,Monitor,West,Alice,Distributor,19,568,10792
ORD1490,05-05-2025,Printer,South,Alice,Distributor,6,204,1224
ORD1491,06-05-2025,Monitor,West,Grace,Online,2,141,282
ORD1492,07-05-2025,Laptop,South,Grace,Online,18,1031,18558
ORD1493,08-05-2025,Keyboard,West,Bob,Retail,13,1599,20787
ORD1494,09-05-2025,Monitor,West,Frank,Online,9,504,4536
ORD1495,10-05-2025,Mouse,North,Eva,Distributor,19,1814,34466
ORD1496,11-05-2025,Tablet,North,Hannah,Online,13,647,8411
ORD1497,12-05-2025,Headphones,West,Hannah,Retail,11,1718,18898
ORD1498,13-05-2025,Laptop,West,Charlie,Retail,1,559,559
ORD1499,14-05-2025,Headphones,East,Grace,Retail,7,1256,8792
